Model,RMSE,MAE,IA,TIC
ARMA,0.0010368416474859264,0.022687891671495403,0.12219017210543359,0.8744951272139968
