Model,RMSE,MAE,IA,TIC
ARMA,3.627054482927153e-05,0.004508987227121032,0.09164864754964241,0.8768614486749142
