Model,RMSE,MAE,IA,TIC
ARMA,0.00038350071460618954,0.015311832813655757,0.272104822924193,0.7678279134348133
